,0
0,Action
1,FPS
2,Multiplayer
3,Shooter
4,Classic
5,Team-Based
6,First-Person
7,Competitive
8,Tactical
9,1990's
10,e-sports
11,PvP
12,Military
13,Strategy
14,Score
15,Attack
16,Survival
17,Old
18,School
19,Assassin
20,1980s
21,Violent
22,Class-Based
23,Co-op
24,Fast-Paced
25,Online
26,Co-Op
27,Retro
28,Remake
29,Mod
30,Funny
31,Adventure
32,World
33,War
34,II
35,Historical
36,Singleplayer
37,Sci-fi
38,Aliens
39,Atmospheric
40,Story
41,Rich
42,Silent
43,Protagonist
44,Great
45,Soundtrack
46,Puzzle
47,Gore
48,Moddable
49,Masterpiece
50,Linear
51,Difficult
52,Open
53,Simulation
54,Dark
55,Horror
56,Zombies
57,Short
58,DystopianMasterpiece
59,Physics
60,Sandbox
61,Realistic
62,Massively
63,Comedy
64,Free to Play
65,DystopianFuturistic
66,Benchmark
67,Post-apocalyptic
68,DystopianAliens
69,Episodic
70,Cinematic
71,Female
72,Platformer
73,Science
74,Humor
75,DystopianPost-apocalyptic
76,Trading
77,Cartoony
78,Robots
79,Crafting
80,Cartoon
81,Replay
82,Value
83,Local
84,MOBA
85,RTS
86,RPG
87,Fantasy
88,Tower
89,Defense
90,Character
91,Customization
92,Space
93,Top-Down
94,Third
95,Person
96,PvE
97,Third-Person
98,Indie
99,Wargame
100,Cold
101,Real-Time
102,with
103,Pause
104,Diplomacy
105,2D
106,Addictive
107,Psychological
108,4X
109,Turn-Based
110,Animation
111,&
112,Modeling
113,Video
114,Production
115,Software
116,Movie
117,Anime
118,Memes
119,Futuristic
120,Base
121,Building
122,Medieval
123,Swordplay
124,Magic
125,Multiple
126,Endings
127,Stealth
128,Hack
129,and
130,Slash
131,Arena
132,Demons
133,Pixel
134,Graphics
135,Lovecraftian
136,Mystery
137,Stylized
138,Vampire
139,Cult
140,Supernatural
141,Gothic
142,America
143,Casual
144,Management
145,Economy
146,Family
147,Friendly
148,City
149,Builder
150,Sim
151,Flight
152,Capitalism
153,Exploration
154,Racing
155,Destruction
156,Music
157,Driving
158,Arcade
159,Hex
160,Grid
161,Combat
162,Match
163,3
164,Cute
165,Point
166,Click
167,Underwater
168,Clicker
169,Colorful
170,Typing
171,Education
172,Touch-Friendly
173,Sniper
174,Villain
175,ParodyStylized
176,God
177,Game
178,3D
179,Surreal
180,Action-Adventure
181,Grand
182,Resource
183,Pirates
184,Naval
185,Sailing
186,Fighting
187,Choose
188,Your
189,Own
190,Rome
191,Based
192,On
193,A
194,Novel
195,Inventory
196,Tanks
197,Epic
198,Warhammer
199,40K
200,Games
201,Workshop
202,Real
203,Time
204,Tactics
205,Star
206,Wars
207,Spectacle
208,fighter
209,Beat
210,'em
211,up
212,Controller
213,Isometric
214,Crime
215,Cyberpunk
216,DystopianInventory
217,Conspiracy
218,Transhumanism
219,DystopianStory
220,Illuminati
221,Steampunk
222,Lara
223,Croft
224,Modern
225,Martial
226,Arts
227,Party-Based
228,Romance
229,Choices
230,Matter
231,Mythology
232,Level
233,Editor
234,Nudity
235,Trains
236,DystopianUnderwater
237,Political
238,Alternate
239,History
240,Dinosaurs
241,Parkour
242,Vision
243,Beautiful
244,MMORPG
245,Sports
246,DystopianAdventure
247,Philisophical
248,DystopianSci-fi
249,Travel
250,Loot
251,Mars
252,Campaign
253,Superhero
254,Comic
255,Book
256,Blood
257,Hunting
258,Mature
259,Satire
260,Noir
261,Bullet
262,Detective
263,Sequel
264,Bowling
265,CRPG
266,Walking
267,Simulator
268,Rhythm
269,Music-Based
270,Procedural
271,Generation
272,Relaxing
273,Split
274,Screen
275,Emotional
276,DystopianExploration
277,Submarine
278,TrackIR
279,Puzzle-Platformer
280,Western
281,Early
282,Access
283,DystopianStylized
284,Dragons
285,FMV
286,Nonlinear
287,LEGO
288,Batman
289,Mechs
290,Quick-Time
291,Events
292,Voice
293,Control
294,Gun
295,Side
296,Scroller
297,4
298,Player
299,JRPG
300,Politics
301,Fishing
302,VR
303,Heist
304,Ninja
305,Manipulation
306,Card
307,Gambling
308,Conversation
309,Board
310,Perma
311,Death
312,Psychedelic
313,NSFW
314,Twin
315,Stick
316,Metroidvania
317,Dungeon
318,Crawler
319,Hand-drawn
320,Hidden
321,Object
322,Unforgiving
323,Dog
324,I
325,Fighter
326,2.5D
327,Minimalist
328,Horses
329,Offroad
330,Motocross
331,ATV
332,Motorbike
333,DystopianGames
334,Visual
335,Lore-Rich
336,Agriculture
337,Hacking
338,Programming
339,Logic
340,GameMaker
341,DystopianRobots
342,Rogue-like
343,Rogue-lite
344,Narration
345,Dynamic
346,Thriller
347,Dungeons
348,Investigation
349,Grid-Based
350,Movement
351,Hell
352,DystopianEpic
353,DystopianAtmospheric
354,DystopianFPS
355,ParodyMultiplayer
356,RPGMaker
357,Interactive
358,Fiction
359,Drama
360,Kickstarter
361,Football
362,Audio
363,Utilities
364,Abstract
365,Crowdfunded
366,Minigames
367,Development
368,Design
369,Illustration
370,Web
371,Publishing
372,ParodySurreal
373,Intentionally
374,Awkward
375,Controls
376,Mouse
377,only
378,Voxel
379,Training
380,DystopianBeat
381,On-Rails
382,ParodyPost-apocalyptic
383,ParodyRogue-like
384,DystopianFemale
385,Dating
386,DystopianTranshumanism
387,Pinball
388,Cats
389,DystopianPixel
390,Artificial
391,Intelligence
392,Snow
393,Skiing
394,Snowboarding
395,ParodyCasual
396,Shoot
397,'Em
398,Up
399,Mining
400,Soccer
401,Runner
402,Pool
403,Cycling
404,Souls-like
405,ParodyCute
406,Golf
407,Photo
408,Editing
409,Sexual
410,Content
411,Chess
412,DystopianMultiplayer
413,Experimental
414,Experience
415,DystopianPsychological
416,Battle
417,Royale
418,Asynchronous
419,DystopianFirst-Person
420,Tutorial
421,Werewolves
422,Tennis
423,ParodyFunny
424,Otome
425,Basketball
426,Spelling
427,Word
428,Mini
429,6DOF
430,Baseball
431,DystopianIlluminati
432,DystopianSteampunk
433,Text-Based
434,ParodyAnime
435,Gaming
436,DystopianFunny
437,DystopianOpen
438,Bikes
439,Jet
440,Wrestling
441,ParodySingleplayer
442,Foreign
443,Hockey
444,DystopianGreat
445,360
446,ParodyDark
447,Faith
448,DystopianPolitics
449,DystopianIndie
450,BMX
451,DystopianCapitalism
452,ParodySurvival
453,Sokoban
454,Underground
455,Skateboarding
456,Skating
457,Documentary
